frame,tempo,x,y
1,0.033327067669172934,286,643
2,0.06665413533834587,281,643
3,0.0999812030075188,275,644
4,0.13330827067669174,268,644
5,0.16663533834586466,261,646
6,0.1999624060150376,251,646
7,0.23328947368421052,243,647
8,0.2666165413533835,232,647
9,0.2999436090225564,223,647
10,0.33327067669172933,213,648
11,0.36659774436090226,203,648
12,0.3999248120300752,193,648
13,0.4332518796992481,185,648
14,0.46657894736842104,177,648
15,0.49990601503759396,169,648
16,0.533233082706767,162,647
17,0.5665601503759399,156,647
18,0.5998872180451128,151,646
19,0.6332142857142857,147,646
20,0.6665413533834587,144,646
21,0.6998684210526316,142,646
22,0.7331954887218045,143,646
23,0.7665225563909774,143,646
24,0.7998496240601504,145,646
25,0.8331766917293233,148,646
26,0.8665037593984962,153,647
27,0.8998308270676691,159,647
28,0.9331578947368421,166,648
29,0.966484962406015,174,648
30,0.9998120300751879,182,648
31,1.0331390977443609,192,649
32,1.066466165413534,201,649
33,1.0997932330827067,209,649
34,1.1331203007518797,217,649
35,1.1664473684210526,228,648
36,1.1997744360902256,237,647
37,1.2331015037593984,246,647
38,1.2664285714285715,256,646
39,1.2997556390977443,264,646
40,1.3330827067669173,270,646
41,1.3664097744360901,277,645
42,1.3997368421052632,283,644
43,1.4330639097744362,287,643
44,1.466390977443609,289,643
45,1.499718045112782,290,642
46,1.5330451127819549,291,642
47,1.566372180451128,291,642
48,1.5996992481203007,288,643
49,1.6330263157894738,285,644
50,1.6663533834586466,280,644
51,1.6996804511278196,275,644
52,1.7330075187969924,268,646
53,1.7663345864661655,260,646
54,1.7996616541353383,253,647
55,1.8329887218045113,243,648
56,1.8663157894736842,234,648
57,1.8996428571428572,225,648
58,1.93296992481203,215,648
59,1.966296992481203,206,648
60,1.9996240601503759,196,649
61,2.032951127819549,189,649
62,2.0662781954887217,181,648
63,2.099605263157895,172,649
64,2.132932330827068,165,648
65,2.1662593984962406,159,648
66,2.1995864661654134,153,647
67,2.2329135338345867,148,646
68,2.2662406015037595,146,646
69,2.2995676691729323,145,646
70,2.332894736842105,145,646
71,2.3662218045112784,142,647
72,2.399548872180451,147,647
73,2.432875939849624,150,647
74,2.466203007518797,155,647
75,2.49953007518797,160,647
76,2.532857142857143,166,648
77,2.5661842105263157,175,649
78,2.5995112781954886,182,648
79,2.632838345864662,190,648
80,2.6661654135338346,198,648
81,2.6994924812030074,208,648
82,2.7328195488721803,218,648
83,2.7661466165413535,227,648
84,2.7994736842105263,236,647
85,2.832800751879699,244,646
86,2.8661278195488724,253,646
87,2.8994548872180452,260,645
88,2.932781954887218,268,645
89,2.966109022556391,275,645
90,2.999436090225564,279,644
91,3.032763157894737,284,643
92,3.0660902255639098,286,643
93,3.0994172932330826,288,642
94,3.132744360902256,288,643
95,3.1660714285714286,288,642
96,3.1993984962406015,286,644
97,3.2327255639097743,284,643
98,3.2660526315789475,279,644
99,3.2993796992481204,274,645
100,3.332706766917293,268,645
101,3.366033834586466,261,646
102,3.3993609022556392,252,646
103,3.432687969924812,244,647
104,3.466015037593985,235,649
105,3.499342105263158,229,649
106,3.532669172932331,217,649
107,3.5659962406015038,207,649
108,3.5993233082706766,199,649
109,3.63265037593985,190,648
110,3.6659774436090227,182,648
111,3.6993045112781955,174,648
112,3.7326315789473683,166,648
113,3.7659586466165416,161,647
114,3.7992857142857144,157,647
115,3.832612781954887,150,647
116,3.86593984962406,149,647
117,3.8992669172932333,147,646
118,3.932593984962406,146,646
119,3.965921052631579,145,646
120,3.9992481203007517,147,646
121,4.0325751879699245,152,647
122,4.065902255639098,153,647
123,4.099229323308271,161,648
124,4.132556390977443,165,648
125,4.165883458646617,171,649
126,4.19921052631579,179,648
127,4.232537593984962,188,649
128,4.265864661654136,197,649
129,4.299191729323308,206,648
130,4.332518796992481,214,649
131,4.3658458646616545,225,649
132,4.399172932330827,234,649
133,4.4325,241,647
134,4.465827067669173,251,647
135,4.499154135338346,257,647
136,4.532481203007519,265,647
137,4.565808270676691,274,645
138,4.599135338345865,279,644
139,4.632462406015038,283,644
140,4.66578947368421,286,644
141,4.6991165413533835,288,644
142,4.732443609022557,289,644
143,4.765770676691729,287,644
144,4.799097744360902,287,644
145,4.832424812030075,284,644
146,4.865751879699248,279,645
147,4.899078947368421,274,645
148,4.932406015037594,270,646
149,4.965733082706767,262,647
150,4.99906015037594,255,646
151,5.032387218045113,248,648
152,5.065714285714286,239,648
153,5.099041353383459,228,649
154,5.1323684210526315,219,648
155,5.165695488721805,211,649
156,5.199022556390977,204,649
157,5.23234962406015,193,648
158,5.265676691729324,185,648
159,5.299003759398496,176,648
160,5.332330827067669,169,648
161,5.3656578947368425,163,648
162,5.398984962406015,157,647
163,5.432312030075188,155,648
164,5.4656390977443605,151,647
165,5.498966165413534,149,647
166,5.532293233082707,147,646
167,5.565620300751879,148,647
168,5.598947368421053,151,647
169,5.632274436090226,154,647
170,5.665601503759398,157,647
171,5.698928571428572,162,648
172,5.732255639097745,168,648
173,5.765582706766917,174,648
174,5.7989097744360905,181,649
175,5.832236842105263,189,649
176,5.865563909774436,198,649
177,5.898890977443609,206,649
178,5.932218045112782,216,649
179,5.965545112781955,225,649
180,5.998872180451128,233,648
181,6.032199248120301,241,648
182,6.065526315789474,249,647
183,6.098853383458646,255,646
184,6.1321804511278195,265,646
185,6.165507518796993,272,646
186,6.198834586466165,277,645
187,6.232161654135338,280,645
188,6.265488721804512,284,645
189,6.298815789473684,286,643
190,6.332142857142857,287,644
191,6.3654699248120306,286,644
192,6.398796992481203,285,644
193,6.432124060150376,281,645
194,6.465451127819549,277,644
195,6.498778195488722,274,646
196,6.532105263157895,272,646
197,6.5654323308270675,262,646
198,6.598759398496241,256,647
199,6.632086466165414,248,648
200,6.665413533834586,239,649
201,6.69874060150376,231,649
202,6.732067669172932,222,649
203,6.765394736842105,213,650
204,6.7987218045112785,204,650
205,6.832048872180451,196,650
206,6.865375939849624,188,649
207,6.898703007518797,181,649
208,6.93203007518797,173,648
209,6.965357142857143,166,648
210,6.998684210526316,162,648
211,7.032011278195489,157,648
212,7.065338345864662,152,646
213,7.098665413533834,150,647
214,7.1319924812030076,152,648
215,7.165319548872181,152,648
216,7.198646616541353,152,648
217,7.231973684210526,154,647
218,7.2653007518797,158,648
219,7.298627819548872,162,648
220,7.331954887218045,167,648
221,7.365281954887218,173,648
222,7.398609022556391,181,649
223,7.431936090225564,189,649
224,7.465263157894737,197,649
225,7.49859022556391,206,648
226,7.531917293233083,215,649
227,7.5652443609022555,223,649
228,7.598571428571429,231,649
229,7.631898496240601,243,647
230,7.665225563909774,249,648
231,7.698552631578948,256,648
232,7.73187969924812,264,647
233,7.765206766917293,269,645
234,7.7985338345864665,275,645
235,7.831860902255639,278,645
236,7.865187969924812,284,645
237,7.898515037593985,286,644
238,7.931842105263158,286,643
239,7.965169172932331,288,644
240,7.998496240601503,286,644
241,8.031823308270678,284,645
242,8.065150375939849,280,645
243,8.098477443609022,274,646
244,8.131804511278196,268,646
245,8.165131578947369,264,647
246,8.198458646616542,256,648
247,8.231785714285714,249,648
248,8.265112781954887,240,648
249,8.29843984962406,234,649
250,8.331766917293233,226,649
251,8.365093984962407,219,649
252,8.39842105263158,207,650
253,8.431748120300751,200,650
254,8.465075187969925,191,650
255,8.498402255639098,183,649
256,8.531729323308271,177,649
257,8.565056390977444,170,648
258,8.598383458646616,164,647
259,8.63171052631579,160,647
260,8.665037593984962,156,647
261,8.698364661654136,154,647
262,8.731691729323309,152,647
263,8.76501879699248,152,647
264,8.798345864661654,154,647
265,8.831672932330827,155,647
266,8.865,159,647
267,8.898327067669173,164,648
268,8.931654135338347,168,649
269,8.964981203007518,175,649
270,8.998308270676691,182,649
271,9.031635338345865,188,649
272,9.064962406015038,196,649
273,9.098289473684211,205,649
274,9.131616541353383,213,649
275,9.164943609022556,221,649
276,9.19827067669173,230,649
277,9.231597744360903,239,648
278,9.264924812030076,247,648
279,9.298251879699249,255,647
280,9.33157894736842,260,646
281,9.364906015037594,268,646
282,9.398233082706767,273,646
283,9.43156015037594,277,646
284,9.464887218045114,279,645
285,9.498214285714285,282,645
286,9.531541353383458,284,645
287,9.564868421052632,284,644
288,9.598195488721805,283,644
289,9.631522556390978,279,644
290,9.66484962406015,278,645
291,9.698176691729323,273,646
292,9.731503759398496,269,646
293,9.76483082706767,262,647
294,9.798157894736843,255,647
295,9.831484962406016,249,649
296,9.864812030075187,241,649
297,9.89813909774436,233,648
298,9.931466165413534,224,649
299,9.964793233082707,216,649
300,9.99812030075188,208,650
301,10.031447368421052,199,649
302,10.064774436090225,192,649
303,10.098101503759398,184,649
304,10.131428571428572,179,648
305,10.164755639097745,171,648
306,10.198082706766918,165,648
307,10.23140977443609,162,648
308,10.264736842105263,156,648
309,10.298063909774436,154,647
310,10.33139097744361,152,647
311,10.364718045112783,152,646
312,10.398045112781954,154,646
313,10.431372180451127,156,647
314,10.4646992481203,157,647
315,10.498026315789474,163,648
316,10.531353383458647,168,647
317,10.56468045112782,172,648
318,10.598007518796992,180,648
319,10.631334586466165,187,648
320,10.664661654135339,193,648
321,10.697988721804512,203,648
322,10.731315789473685,210,648
323,10.764642857142857,221,648
324,10.79796992481203,227,648
325,10.831296992481203,236,648
326,10.864624060150376,243,648
327,10.89795112781955,250,647
328,10.931278195488721,256,647
329,10.964605263157894,263,646
330,10.997932330827068,270,646
331,11.03125939849624,273,644
332,11.064586466165414,277,645
333,11.097913533834587,280,645
334,11.131240601503759,281,645
335,11.164567669172932,281,645
336,11.197894736842105,280,645
337,11.231221804511279,276,645
338,11.264548872180452,275,645
339,11.297875939849623,269,645
340,11.331203007518797,266,647
341,11.36453007518797,261,647
342,11.397857142857143,255,647
343,11.431184210526316,247,647
344,11.46451127819549,239,648
345,11.497838345864661,233,649
346,11.531165413533834,225,649
347,11.564492481203008,215,649
348,11.597819548872181,207,649
349,11.631146616541354,199,649
350,11.664473684210526,191,648
351,11.697800751879699,185,648
352,11.731127819548872,179,648
353,11.764454887218045,171,648
354,11.797781954887219,169,649
355,11.831109022556392,164,648
356,11.864436090225563,159,648
357,11.897763157894737,156,648
358,11.93109022556391,154,647
359,11.964417293233083,154,647
360,11.997744360902256,155,647
361,12.031071428571428,155,647
362,12.064398496240601,158,647
363,12.097725563909774,163,648
364,12.131052631578948,167,648
365,12.164379699248121,172,648
366,12.197706766917292,178,649
367,12.231033834586466,186,648
368,12.264360902255639,193,649
369,12.297687969924812,201,648
370,12.331015037593986,211,649
371,12.364342105263159,216,649
372,12.39766917293233,224,648
373,12.430996240601504,232,648
374,12.464323308270677,240,648
375,12.49765037593985,248,647
376,12.530977443609023,255,646
377,12.564304511278195,261,646
378,12.597631578947368,266,646
379,12.630958646616541,272,646
380,12.664285714285715,275,646
381,12.697612781954888,278,644
382,12.730939849624061,279,645
383,12.764266917293233,278,644
384,12.797593984962406,278,644
385,12.83092105263158,277,645
386,12.864248120300752,274,645
387,12.897575187969926,270,644
388,12.930902255639097,265,646
389,12.96422932330827,260,646
390,12.997556390977444,255,647
391,13.030883458646617,248,647
392,13.06421052631579,241,648
393,13.097537593984962,233,648
394,13.130864661654135,225,648
395,13.164191729323308,218,649
396,13.197518796992481,209,649
397,13.230845864661655,202,649
398,13.264172932330828,194,649
399,13.2975,187,648
400,13.330827067669173,181,649
401,13.364154135338346,174,648
402,13.39748120300752,170,647
403,13.430808270676692,165,648
404,13.464135338345864,161,647
405,13.497462406015037,159,647
406,13.53078947368421,157,646
407,13.564116541353384,157,647
408,13.597443609022557,158,647
409,13.63077067669173,159,647
410,13.664097744360902,161,648
411,13.697424812030075,164,647
412,13.730751879699248,168,647
413,13.764078947368422,174,648
414,13.797406015037595,179,649
415,13.830733082706766,186,649
416,13.86406015037594,192,648
417,13.897387218045113,201,649
418,13.930714285714286,209,649
419,13.96404135338346,218,648
420,13.997368421052633,224,648
421,14.030695488721804,232,648
422,14.064022556390977,238,647
423,14.09734962406015,245,647
424,14.130676691729324,253,648
425,14.164003759398497,259,646
426,14.197330827067669,264,646
427,14.230657894736842,268,646
428,14.263984962406015,272,645
429,14.297312030075188,275,645
430,14.330639097744362,277,645
431,14.363966165413533,278,645
432,14.397293233082706,277,645
433,14.43062030075188,277,645
434,14.463947368421053,274,645
435,14.497274436090226,270,645
436,14.5306015037594,265,645
437,14.563928571428571,260,646
438,14.597255639097744,254,646
439,14.630582706766917,249,647
440,14.66390977443609,242,648
441,14.697236842105264,234,648
442,14.730563909774435,227,648
443,14.763890977443609,218,648
444,14.797218045112782,213,649
445,14.830545112781955,204,650
446,14.863872180451128,198,649
447,14.897199248120302,189,649
448,14.930526315789473,183,648
449,14.963853383458646,177,648
450,14.99718045112782,172,647
451,15.030507518796993,167,648
452,15.063834586466166,164,648
453,15.097161654135338,159,648
454,15.130488721804511,158,648
455,15.163815789473684,158,648
456,15.197142857142858,158,648
457,15.23046992481203,159,647
458,15.263796992481202,161,648
459,15.297124060150376,164,648
460,15.330451127819549,168,648
461,15.363778195488722,173,648
462,15.397105263157895,179,649
463,15.430432330827069,185,648
464,15.46375939849624,191,648
465,15.497086466165413,199,649
466,15.530413533834587,206,649
467,15.56374060150376,214,649
468,15.597067669172933,222,649
469,15.630394736842105,231,649
470,15.663721804511278,237,648
471,15.697048872180451,245,648
472,15.730375939849624,252,647
473,15.763703007518798,257,647
474,15.79703007518797,261,647
475,15.830357142857142,268,646
476,15.863684210526316,272,645
477,15.897011278195489,274,645
478,15.930338345864662,273,645
479,15.963665413533835,275,645
480,15.996992481203007,275,644
481,16.030319548872182,274,645
482,16.063646616541355,273,645
483,16.096973684210525,270,646
484,16.130300751879698,264,647
485,16.16362781954887,259,647
486,16.196954887218045,255,647
487,16.230281954887218,248,647
488,16.26360902255639,242,648
489,16.296936090225564,235,648
490,16.330263157894738,227,648
491,16.36359022556391,219,648
492,16.396917293233084,211,648
493,16.430244360902257,205,649
494,16.463571428571427,199,649
495,16.4968984962406,190,649
496,16.530225563909774,184,648
497,16.563552631578947,179,649
498,16.59687969924812,172,649
499,16.630206766917293,167,648
500,16.663533834586467,164,647
501,16.69686090225564,163,648
502,16.730187969924813,159,648
503,16.763515037593987,161,648
504,16.79684210526316,160,648
505,16.83016917293233,160,648
506,16.863496240601503,162,648
507,16.896823308270676,167,649
508,16.93015037593985,169,648
509,16.963477443609023,174,647
510,16.996804511278196,179,648
511,17.03013157894737,185,648
512,17.063458646616542,192,649
513,17.096785714285716,199,649
514,17.13011278195489,206,649
515,17.16343984962406,214,649
516,17.196766917293232,222,649
517,17.230093984962405,229,649
518,17.26342105263158,238,649
519,17.29674812030075,243,648
520,17.330075187969925,248,648
521,17.363402255639098,254,647
522,17.39672932330827,261,647
523,17.430056390977445,267,646
524,17.463383458646618,270,646
525,17.49671052631579,271,645
526,17.53003759398496,274,645
527,17.563364661654134,275,645
528,17.596691729323307,275,645
529,17.63001879699248,274,645
530,17.663345864661654,272,646
531,17.696672932330827,269,647
532,17.73,266,647
533,17.763327067669174,262,647
534,17.796654135338347,256,647
535,17.82998120300752,249,649
536,17.863308270676693,242,649
537,17.896635338345863,236,649
538,17.929962406015036,229,649
539,17.96328947368421,223,649
540,17.996616541353383,215,649
541,18.029943609022556,207,649
542,18.06327067669173,201,650
543,18.096597744360903,195,650
544,18.129924812030076,185,649
545,18.16325187969925,181,649
546,18.196578947368423,175,649
547,18.229906015037596,171,649
548,18.263233082706765,168,649
549,18.29656015037594,165,649
550,18.329887218045112,164,649
551,18.363214285714285,160,648
552,18.39654135338346,159,648
553,18.429868421052632,160,648
554,18.463195488721805,164,649
555,18.49652255639098,168,649
556,18.52984962406015,172,649
557,18.563176691729325,175,649
558,18.596503759398498,182,649
559,18.629830827067668,188,649
560,18.66315789473684,194,649
561,18.696484962406014,200,649
562,18.729812030075188,207,649
563,18.76313909774436,213,649
564,18.796466165413534,220,649
565,18.829793233082707,230,649
566,18.86312030075188,235,649
567,18.896447368421054,242,648
568,18.929774436090227,250,649
569,18.9631015037594,255,647
570,18.99642857142857,261,647
571,19.029755639097743,264,647
572,19.063082706766917,268,647
573,19.09640977443609,271,646
574,19.129736842105263,273,646
575,19.163063909774436,273,646
576,19.19639097744361,272,646
577,19.229718045112783,272,647
578,19.263045112781956,272,647
579,19.29637218045113,268,647
580,19.3296992481203,265,647
581,19.363026315789472,262,648
582,19.396353383458646,257,648
583,19.42968045112782,251,649
584,19.463007518796992,244,648
585,19.496334586466165,237,649
586,19.52966165413534,229,649
587,19.562988721804512,223,649
588,19.596315789473685,217,650
589,19.62964285714286,209,650
590,19.66296992481203,202,650
591,19.6962969924812,196,650
592,19.729624060150375,190,649
593,19.762951127819548,183,649
594,19.79627819548872,177,649
595,19.829605263157895,172,649
596,19.862932330827068,168,649
597,19.89625939849624,166,648
598,19.929586466165414,164,648
599,19.962913533834588,162,648
600,19.99624060150376,163,647
601,20.029567669172934,164,647
602,20.062894736842104,166,648
603,20.096221804511277,169,648
604,20.12954887218045,172,648
605,20.162875939849624,177,649
606,20.196203007518797,181,649
607,20.22953007518797,187,649
608,20.262857142857143,192,649
609,20.296184210526317,197,649
610,20.32951127819549,205,649
611,20.362838345864663,213,649
612,20.396165413533836,219,649
613,20.429492481203006,225,649
614,20.46281954887218,233,648
615,20.496146616541353,244,648
616,20.529473684210526,248,648
617,20.5628007518797,253,647
618,20.596127819548872,258,647
619,20.629454887218046,261,647
620,20.66278195488722,268,647
621,20.696109022556392,270,647
622,20.729436090225565,272,647
623,20.76276315789474,272,646
624,20.79609022556391,272,646
625,20.82941729323308,272,646
626,20.862744360902255,271,646
627,20.896071428571428,267,646
628,20.9293984962406,263,646
629,20.962725563909775,260,647
630,20.996052631578948,256,648
631,21.02937969924812,249,648
632,21.062706766917294,243,648
633,21.096033834586468,236,649
634,21.12936090225564,229,649
635,21.16268796992481,222,649
636,21.196015037593984,216,649
637,21.229342105263157,210,650
638,21.26266917293233,203,650
639,21.295996240601504,198,650
640,21.329323308270677,191,649
641,21.36265037593985,185,650
642,21.395977443609024,180,649
643,21.429304511278197,176,649
644,21.46263157894737,172,649
645,21.49595864661654,168,649
646,21.529285714285713,167,648
647,21.562612781954886,164,649
648,21.59593984962406,164,649
649,21.629266917293233,164,648
650,21.662593984962406,167,648
651,21.69592105263158,169,648
652,21.729248120300753,173,648
653,21.762575187969926,177,648
654,21.7959022556391,181,649
655,21.829229323308272,187,649
656,21.862556390977442,193,649
657,21.895883458646615,198,649
658,21.92921052631579,205,649
659,21.962537593984962,213,649
660,21.995864661654135,218,648
661,22.02919172932331,225,648
662,22.06251879699248,232,648
663,22.095845864661655,241,648
664,22.129172932330828,247,648
665,22.1625,251,647
666,22.195827067669175,256,647
667,22.229154135338344,261,647
668,22.262481203007518,262,646
669,22.29580827067669,264,646
670,22.329135338345864,267,645
671,22.362462406015037,268,646
672,22.39578947368421,269,646
673,22.429116541353384,269,646
674,22.462443609022557,268,646
675,22.49577067669173,266,646
676,22.529097744360904,263,646
677,22.562424812030077,259,647
678,22.595751879699247,254,647
679,22.62907894736842,250,647
680,22.662406015037593,242,648
681,22.695733082706766,237,648
682,22.72906015037594,231,649
683,22.762387218045113,223,649
684,22.795714285714286,216,649
685,22.82904135338346,209,648
686,22.862368421052633,205,649
687,22.895695488721806,198,649
688,22.92902255639098,192,649
689,22.96234962406015,185,649
690,22.995676691729322,180,649
691,23.029003759398496,177,649
692,23.06233082706767,172,648
693,23.095657894736842,170,648
694,23.128984962406015,167,648
695,23.16231203007519,166,647
696,23.195639097744362,165,647
697,23.228966165413535,165,647
698,23.26229323308271,165,647
699,23.29562030075188,170,647
700,23.32894736842105,173,648
701,23.362274436090225,177,648
702,23.395601503759398,180,648
703,23.42892857142857,186,648
704,23.462255639097744,192,648
705,23.495582706766918,196,648
706,23.52890977443609,203,649
707,23.562236842105264,211,648
708,23.595563909774437,216,648
709,23.62889097744361,223,648
710,23.662218045112784,230,648
711,23.695545112781954,238,648
712,23.728872180451127,244,648
713,23.7621992481203,248,647
714,23.795526315789473,253,647
715,23.828853383458647,259,648
716,23.86218045112782,262,647
717,23.895507518796993,263,646
718,23.928834586466166,266,646
719,23.96216165413534,266,646
720,23.995488721804513,269,646
721,24.028815789473683,267,646
722,24.062142857142856,265,646
723,24.09546992481203,263,647
724,24.128796992481202,260,648
725,24.162124060150376,258,647
726,24.19545112781955,254,648
727,24.228778195488722,248,648
728,24.262105263157896,242,648
729,24.29543233082707,237,649
730,24.328759398496242,231,649
731,24.362086466165415,224,650
732,24.395413533834585,216,649
733,24.42874060150376,210,649
734,24.46206766917293,203,649
735,24.495394736842105,196,649
736,24.528721804511278,191,650
737,24.56204887218045,185,649
738,24.595375939849625,181,649
739,24.628703007518798,177,648
740,24.66203007518797,173,648
741,24.695357142857144,170,648
742,24.728684210526318,168,649
743,24.762011278195487,167,649
744,24.79533834586466,167,648
745,24.828665413533834,166,648
746,24.861992481203007,168,648
747,24.89531954887218,170,649
748,24.928646616541354,172,649
749,24.961973684210527,176,648
750,24.9953007518797,181,649
751,25.028627819548873,188,649
752,25.061954887218047,193,649
753,25.09528195488722,199,649
754,25.12860902255639,201,649
755,25.161936090225563,209,649
756,25.195263157894736,215,649
757,25.22859022556391,221,649
758,25.261917293233083,229,649
759,25.295244360902256,235,648
760,25.32857142857143,241,648
761,25.361898496240602,246,648
762,25.395225563909776,251,647
763,25.42855263157895,255,648
764,25.461879699248122,260,648
765,25.495206766917292,264,648
766,25.528533834586465,265,647
767,25.56186090225564,267,646
768,25.59518796992481,267,646
769,25.628515037593985,267,646
770,25.66184210526316,266,647
771,25.69516917293233,263,647
772,25.728496240601505,261,647
773,25.761823308270678,257,647
774,25.79515037593985,253,648
775,25.828477443609025,249,647
776,25.861804511278194,243,648
777,25.895131578947368,238,648
778,25.92845864661654,231,649
779,25.961785714285714,225,649
780,25.995112781954887,220,649
781,26.02843984962406,214,650
782,26.061766917293234,206,649
783,26.095093984962407,200,648
784,26.12842105263158,195,649
785,26.161748120300754,188,648
786,26.195075187969923,184,648
787,26.228402255639097,179,648
788,26.26172932330827,176,647
789,26.295056390977443,173,648
790,26.328383458646616,170,648
791,26.36171052631579,169,648
792,26.395037593984963,168,648
793,26.428364661654136,170,649
794,26.46169172932331,169,649
795,26.495018796992483,171,648
796,26.528345864661656,174,649
797,26.561672932330826,179,649
798,26.595,181,648
799,26.628327067669172,187,649
800,26.661654135338345,193,649
801,26.69498120300752,198,649
802,26.728308270676692,202,649
803,26.761635338345865,207,649
804,26.79496240601504,217,649
805,26.82828947368421,221,649
806,26.861616541353385,228,649
807,26.894943609022558,234,649
808,26.928270676691728,239,648
809,26.9615977443609,245,648
810,26.994924812030074,249,648
811,27.028251879699248,255,647
812,27.06157894736842,258,647
813,27.094906015037594,262,647
814,27.128233082706767,263,647
815,27.16156015037594,265,646
816,27.194887218045114,266,647
817,27.228214285714287,266,647
818,27.26154135338346,265,647
819,27.29486842105263,261,646
820,27.328195488721803,260,647
821,27.361522556390977,257,648
822,27.39484962406015,253,648
823,27.428176691729323,248,648
824,27.461503759398497,242,648
825,27.49483082706767,237,649
826,27.528157894736843,230,648
827,27.561484962406016,226,649
828,27.59481203007519,218,650
829,27.628139097744363,213,650
830,27.661466165413533,206,650
831,27.694793233082706,200,649
832,27.72812030075188,193,648
833,27.761447368421052,190,649
834,27.794774436090226,185,649
835,27.8281015037594,181,649
836,27.861428571428572,178,649
837,27.894755639097745,175,649
838,27.92808270676692,174,649
839,27.961409774436092,171,648
840,27.994736842105265,171,648
841,28.028063909774435,171,648
842,28.061390977443608,172,648
843,28.09471804511278,173,648
844,28.128045112781955,176,648
845,28.161372180451128,180,648
846,28.1946992481203,183,649
847,28.228026315789474,188,649
848,28.261353383458648,192,649
849,28.29468045112782,197,648
850,28.328007518796994,203,648
851,28.361334586466164,209,649
852,28.394661654135337,214,649
853,28.42798872180451,223,649
854,28.461315789473684,228,649
855,28.494642857142857,234,649
856,28.52796992481203,239,649
857,28.561296992481203,244,648
858,28.594624060150377,251,648
859,28.62795112781955,254,648
860,28.661278195488723,257,647
861,28.694605263157897,259,647
862,28.727932330827066,262,648
863,28.76125939849624,264,647
864,28.794586466165413,264,648
865,28.827913533834586,264,647
866,28.86124060150376,263,647
867,28.894567669172933,262,648
868,28.927894736842106,259,647
869,28.96122180451128,256,648
870,28.994548872180452,252,648
871,29.027875939849626,248,649
872,29.0612030075188,244,649
873,29.09453007518797,237,649
874,29.127857142857142,231,649
875,29.161184210526315,226,650
876,29.19451127819549,222,650
877,29.22783834586466,215,650
878,29.261165413533835,209,650
879,29.294492481203008,203,650
880,29.32781954887218,197,650
881,29.361146616541355,192,650
882,29.394473684210528,187,650
883,29.4278007518797,182,649
884,29.46112781954887,179,649
885,29.494454887218044,177,649
886,29.527781954887217,174,649
887,29.56110902255639,172,649
888,29.594436090225564,172,648
889,29.627763157894737,172,649
890,29.66109022556391,172,648
891,29.694417293233084,175,648
892,29.727744360902257,177,648
893,29.76107142857143,181,649
894,29.794398496240603,185,649
895,29.827725563909773,189,649
896,29.861052631578946,194,649
897,29.89437969924812,198,649
898,29.927706766917293,205,649
899,29.961033834586466,209,649
900,29.99436090225564,215,649
901,30.027687969924813,222,649
902,30.061015037593986,227,648
903,30.09434210526316,234,649
904,30.127669172932332,240,649
905,30.160996240601506,244,648
906,30.194323308270675,248,648
907,30.22765037593985,251,647
908,30.260977443609022,255,647
909,30.294304511278195,258,647
910,30.32763157894737,262,647
911,30.36095864661654,264,647
912,30.394285714285715,264,648
913,30.42761278195489,262,648
914,30.46093984962406,263,647
915,30.494266917293235,262,647
916,30.527593984962405,258,648
917,30.560921052631578,255,648
918,30.59424812030075,253,648
919,30.627575187969924,247,648
920,30.660902255639098,243,649
921,30.69422932330827,238,649
922,30.727556390977444,231,648
923,30.760883458646617,226,648
924,30.79421052631579,223,649
925,30.827537593984964,216,650
926,30.860864661654137,210,649
927,30.894191729323307,205,650
928,30.92751879699248,200,649
929,30.960845864661653,194,649
930,30.994172932330827,190,649
931,31.0275,185,649
932,31.060827067669173,181,649
933,31.094154135338346,177,648
934,31.12748120300752,176,649
935,31.160808270676693,173,649
936,31.194135338345866,174,649
937,31.22746240601504,174,649
938,31.26078947368421,176,649
939,31.294116541353382,176,649
940,31.327443609022556,177,648
941,31.36077067669173,183,649
942,31.394097744360902,184,649
943,31.427424812030075,189,649
944,31.46075187969925,195,650
945,31.494078947368422,198,649
946,31.527406015037595,205,650
947,31.56073308270677,211,650
948,31.59406015037594,218,650
949,31.62738721804511,223,649
950,31.660714285714285,230,649
951,31.694041353383458,234,648
952,31.72736842105263,239,649
953,31.760695488721804,244,649
954,31.794022556390978,249,648
955,31.82734962406015,251,647
956,31.860676691729324,255,647
957,31.894003759398498,259,647
958,31.92733082706767,260,647
959,31.960657894736844,263,647
960,31.993984962406014,263,647
961,32.02731203007519,263,647
962,32.060639097744364,263,648
963,32.09396616541353,260,648
964,32.12729323308271,258,648
965,32.16062030075188,257,648
966,32.19394736842105,251,648
967,32.22727443609023,249,648
968,32.260601503759396,243,649
969,32.29392857142857,238,649
970,32.32725563909774,234,649
971,32.36058270676692,228,650
972,32.39390977443609,222,649
973,32.427236842105266,215,649
974,32.460563909774436,209,649
975,32.49389097744361,204,649
976,32.52721804511278,200,649
977,32.56054511278195,195,649
978,32.59387218045113,190,649
979,32.6271992481203,187,649
980,32.660526315789475,182,649
981,32.693853383458645,180,649
982,32.72718045112782,178,649
983,32.76050751879699,176,649
984,32.79383458646617,174,648
985,32.82716165413534,176,648
986,32.860488721804515,175,649
987,32.893815789473685,177,649
988,32.927142857142854,179,649
989,32.96046992481203,183,649
990,32.9937969924812,185,649
991,33.02712406015038,190,649
992,33.06045112781955,193,649
993,33.093778195488724,199,649
994,33.127105263157894,204,649
995,33.16043233082707,211,649
996,33.19375939849624,216,649
997,33.22708646616542,221,649
998,33.26041353383459,226,649
999,33.29374060150376,233,649
1000,33.32706766917293,238,649
1001,33.3603947368421,242,649
1002,33.39372180451128,247,648
1003,33.42704887218045,249,647
1004,33.46037593984963,254,647
1005,33.493703007518796,258,647
1006,33.52703007518797,259,647
1007,33.56035714285714,260,647
1008,33.59368421052632,262,647
1009,33.62701127819549,262,647
1010,33.66033834586466,262,647
1011,33.693665413533836,259,648
1012,33.726992481203006,256,648
1013,33.76031954887218,253,648
1014,33.79364661654135,250,648
1015,33.82697368421053,246,648
1016,33.8603007518797,242,649
1017,33.893627819548875,237,649
1018,33.926954887218045,234,649
1019,33.960281954887215,228,649
1020,33.99360902255639,223,650
1021,34.02693609022556,218,650
1022,34.06026315789474,212,650
1023,34.09359022556391,207,650
1024,34.126917293233085,202,650
1025,34.160244360902254,198,650
1026,34.19357142857143,191,650
1027,34.2268984962406,185,649
1028,34.26022556390978,185,650
1029,34.29355263157895,181,649
1030,34.32687969924812,178,649
1031,34.360206766917294,176,649
1032,34.393533834586464,176,648
1033,34.42686090225564,176,649
1034,34.46018796992481,176,649
1035,34.49351503759399,178,649
1036,34.52684210526316,180,649
1037,34.56016917293233,183,649
1038,34.5934962406015,186,649
1039,34.62682330827068,188,649
1040,34.66015037593985,193,648
1041,34.69347744360902,200,649
1042,34.726804511278196,205,649
1043,34.760131578947366,210,649
1044,34.79345864661654,215,649
1045,34.82678571428571,218,648
1046,34.86011278195489,225,648
1047,34.89343984962406,231,648
1048,34.926766917293236,236,648
1049,34.960093984962406,240,648
1050,34.99342105263158,245,648
1051,35.02674812030075,246,649
1052,35.06007518796992,251,648
1053,35.0934022556391,253,648
1054,35.12672932330827,255,647
1055,35.160056390977445,256,647
1056,35.193383458646615,258,647
1057,35.22671052631579,260,647
1058,35.26003759398496,258,648
1059,35.29336466165414,256,648
1060,35.32669172932331,255,648
1061,35.360018796992485,252,648
1062,35.393345864661654,248,648
1063,35.426672932330824,245,648
1064,35.46,241,648
1065,35.49332706766917,237,648
1066,35.52665413533835,233,648
1067,35.55998120300752,228,649
1068,35.593308270676694,221,648
1069,35.626635338345864,215,648
1070,35.65996240601504,211,649
1071,35.69328947368421,206,649
1072,35.72661654135339,201,649
1073,35.75994360902256,196,649
1074,35.793270676691726,191,648
1075,35.8265977443609,187,648
1076,35.85992481203007,184,648
1077,35.89325187969925,181,648
1078,35.92657894736842,178,648
1079,35.959906015037596,177,648
1080,35.993233082706766,176,648
1081,36.02656015037594,177,648
1082,36.05988721804511,177,648
1083,36.09321428571429,179,648
1084,36.12654135338346,180,648
1085,36.15986842105263,183,648
1086,36.193195488721805,185,649
1087,36.226522556390975,188,649
1088,36.25984962406015,194,648
1089,36.29317669172932,198,649
1090,36.3265037593985,203,648
1091,36.35983082706767,208,648
1092,36.393157894736845,214,649
1093,36.426484962406015,219,649
1094,36.45981203007519,223,648
1095,36.49313909774436,227,648
1096,36.52646616541353,234,648
1097,36.55979323308271,239,648
1098,36.59312030075188,243,648
1099,36.626447368421054,246,648
1100,36.659774436090224,249,648
1101,36.6931015037594,252,647
1102,36.72642857142857,252,646
1103,36.75975563909775,255,646
1104,36.79308270676692,258,647
1105,36.826409774436094,257,647
1106,36.859736842105264,256,647
1107,36.89306390977443,255,647
1108,36.92639097744361,253,647
1109,36.95971804511278,250,647
1110,36.99304511278196,247,648
1111,37.026372180451126,248,648
1112,37.0596992481203,241,648
1113,37.09302631578947,234,649
1114,37.12635338345865,231,649
1115,37.15968045112782,225,648
1116,37.193007518796996,221,649
1117,37.226334586466166,217,650
1118,37.259661654135336,213,649
1119,37.29298872180451,207,649
1120,37.32631578947368,202,649
1121,37.35964285714286,196,648
1122,37.39296992481203,193,649
1123,37.426296992481205,189,649
1124,37.459624060150375,186,649
1125,37.49295112781955,183,648
1126,37.52627819548872,181,648
1127,37.5596052631579,180,648
1128,37.59293233082707,179,648
1129,37.62625939849624,178,648
1130,37.659586466165415,177,647
1131,37.692913533834584,179,648
1132,37.72624060150376,181,648
1133,37.75956766917293,183,648
1134,37.79289473684211,187,648
1135,37.82622180451128,190,648
1136,37.859548872180454,193,647
1137,37.892875939849624,199,649
1138,37.9262030075188,203,648
1139,37.95953007518797,207,648
1140,37.99285714285714,213,648
1141,38.02618421052632,218,649
1142,38.05951127819549,222,648
1143,38.09283834586466,227,648
1144,38.12616541353383,232,649
1145,38.15949248120301,236,648
1146,38.19281954887218,240,648
1147,38.22614661654136,246,647
1148,38.259473684210526,250,648
1149,38.2928007518797,252,647
1150,38.32612781954887,253,647
1151,38.35945488721804,255,647
1152,38.39278195488722,255,646
1153,38.42610902255639,256,647
1154,38.459436090225566,255,646
1155,38.492763157894736,252,645
1156,38.52609022556391,253,647
1157,38.55941729323308,251,647
1158,38.59274436090226,248,648
1159,38.62607142857143,245,648
1160,38.6593984962406,241,649
1161,38.692725563909775,235,648
1162,38.726052631578945,231,649
1163,38.75937969924812,227,649
1164,38.79270676691729,220,649
1165,38.82603383458647,216,650
1166,38.85936090225564,211,650
1167,38.892687969924815,206,649
1168,38.926015037593984,203,649
1169,38.95934210526316,198,648
1170,38.99266917293233,193,648
1171,39.0259962406015,190,649
1172,39.05932330827068,186,648
1173,39.09265037593985,183,648
1174,39.125977443609024,181,648
1175,39.159304511278194,181,648
1176,39.19263157894737,181,648
1177,39.22595864661654,179,648
1178,39.25928571428572,180,648
1179,39.29261278195489,182,648
1180,39.32593984962406,183,648
1181,39.35926691729323,185,649
1182,39.3925939849624,188,648
1183,39.42592105263158,190,648
1184,39.45924812030075,192,648
1185,39.492575187969926,198,648
1186,39.525902255639096,204,648
1187,39.55922932330827,208,648
1188,39.59255639097744,213,647
1189,39.62588345864662,219,648
1190,39.65921052631579,224,648
1191,39.692537593984966,228,649
1192,39.725864661654136,232,648
1193,39.759191729323305,238,648
1194,39.79251879699248,241,648
1195,39.82584586466165,244,648
1196,39.85917293233083,247,648
1197,39.8925,250,648
1198,39.925827067669175,251,648
1199,39.959154135338345,254,647
1200,39.99248120300752,254,647
1201,40.02580827067669,255,646
1202,40.05913533834587,255,646
1203,40.09246240601504,255,647
1204,40.12578947368421,253,647
1205,40.159116541353384,250,648
1206,40.192443609022554,247,649
1207,40.22577067669173,243,649
1208,40.2590977443609,240,649
1209,40.29242481203008,236,648
1210,40.32575187969925,231,648
1211,40.359078947368424,226,649
1212,40.392406015037594,222,649
1213,40.42573308270677,218,649
1214,40.45906015037594,212,649
1215,40.49238721804511,208,650
1216,40.52571428571429,203,649
1217,40.559041353383456,200,649
1218,40.59236842105263,195,649
1219,40.6256954887218,193,649
1220,40.65902255639098,188,649
1221,40.69234962406015,185,648
1222,40.725676691729326,184,649
1223,40.759003759398496,183,648
1224,40.79233082706767,181,648
1225,40.82565789473684,182,648
1226,40.85898496240601,181,647
1227,40.89231203007519,182,648
1228,40.92563909774436,184,648
1229,40.958966165413536,185,648
1230,40.992293233082705,189,648
1231,41.02562030075188,195,648
1232,41.05894736842105,196,648
1233,41.09227443609023,202,648
1234,41.1256015037594,204,649
1235,41.158928571428575,209,649
1236,41.192255639097745,213,648
1237,41.225582706766914,218,648
1238,41.25890977443609,223,648
1239,41.29223684210526,227,648
1240,41.32556390977444,231,649
1241,41.35889097744361,236,649
1242,41.392218045112784,239,648
1243,41.425545112781954,243,648
1244,41.45887218045113,245,647
1245,41.4921992481203,250,648
1246,41.52552631578948,252,647
1247,41.55885338345865,254,648
1248,41.59218045112782,254,647
1249,41.625507518796994,254,647
1250,41.65883458646616,256,647
1251,41.69216165413534,254,647
1252,41.72548872180451,253,647
1253,41.75881578947369,248,648
1254,41.792142857142856,245,647
1255,41.82546992481203,243,648
1256,41.8587969924812,240,649
1257,41.89212406015038,236,649
1258,41.92545112781955,231,649
1259,41.95877819548872,227,649
1260,41.992105263157896,223,649
1261,42.025432330827066,219,649
1262,42.05875939849624,215,649
1263,42.09208646616541,209,649
1264,42.12541353383459,204,648
1265,42.15874060150376,199,649
1266,42.192067669172935,196,649
1267,42.225394736842105,193,649
1268,42.25872180451128,189,649
1269,42.29204887218045,188,649
1270,42.32537593984962,185,649
1271,42.3587030075188,184,649
1272,42.39203007518797,184,648
1273,42.425357142857145,183,648
1274,42.458684210526314,183,648
1275,42.49201127819549,184,648
1276,42.52533834586466,185,648
1277,42.55866541353384,186,648
1278,42.59199248120301,190,648
1279,42.625319548872184,193,649
1280,42.658646616541354,197,649
1281,42.691973684210524,200,649
1282,42.7253007518797,204,649
1283,42.75862781954887,208,649
1284,42.79195488721805,215,649
1285,42.82528195488722,218,649
1286,42.858609022556394,223,649
1287,42.89193609022556,227,649
1288,42.92526315789474,233,649
1289,42.95859022556391,236,648
1290,42.99191729323308,240,648
1291,43.025244360902256,242,648
1292,43.058571428571426,246,648
1293,43.0918984962406,249,647
1294,43.12522556390977,252,647
1295,43.15855263157895,251,647
1296,43.19187969924812,255,648
1297,43.225206766917296,254,647
1298,43.258533834586466,253,647
1299,43.29186090225564,252,647
1300,43.32518796992481,251,648
1301,43.35851503759398,249,648
1302,43.39184210526316,247,648
1303,43.42516917293233,243,648
1304,43.458496240601505,240,649
1305,43.491823308270675,238,649
1306,43.52515037593985,234,649
1307,43.55847744360902,228,649
1308,43.5918045112782,224,649
1309,43.62513157894737,219,649
1310,43.658458646616545,215,649
1311,43.691785714285714,211,649
1312,43.725112781954884,206,649
1313,43.75843984962406,203,649
1314,43.79176691729323,199,649
1315,43.82509398496241,196,649
1316,43.85842105263158,192,648
1317,43.891748120300754,189,648
1318,43.925075187969924,186,648
1319,43.9584022556391,184,648
1320,43.99172932330827,184,648
1321,44.02505639097745,183,648
1322,44.05838345864662,184,649
1323,44.09171052631579,185,648
1324,44.12503759398496,185,648
1325,44.15836466165413,188,648
1326,44.19169172932331,190,649
1327,44.22501879699248,193,648
1328,44.258345864661656,195,648
1329,44.291672932330826,201,649
1330,44.325,206,649
1331,44.35832706766917,210,649
1332,44.39165413533835,214,649
1333,44.42498120300752,216,649
1334,44.45830827067669,223,648
1335,44.491635338345866,227,648
1336,44.524962406015035,232,649
1337,44.55828947368421,236,649
1338,44.59161654135338,240,649
1339,44.62494360902256,243,648
1340,44.65827067669173,247,648
1341,44.691597744360905,248,648
1342,44.724924812030075,251,648
1343,44.75825187969925,253,648
1344,44.79157894736842,253,648
1345,44.82490601503759,254,648
1346,44.85823308270677,255,648
1347,44.89156015037594,252,648
1348,44.924887218045114,250,647
1349,44.958214285714284,248,647
1350,44.99154135338346,244,648
1351,45.02486842105263,242,648
1352,45.05819548872181,240,648
1353,45.09152255639098,235,648
1354,45.124849624060154,231,648
1355,45.158176691729324,225,648
1356,45.19150375939849,224,649
1357,45.22483082706767,219,648
1358,45.25815789473684,215,649
1359,45.29148496240602,211,649
1360,45.324812030075186,208,649
1361,45.35813909774436,202,649
1362,45.39146616541353,198,649
1363,45.42479323308271,194,649
1364,45.45812030075188,192,649
1365,45.491447368421056,190,648
1366,45.524774436090226,189,649
1367,45.558101503759396,186,649
1368,45.59142857142857,186,649
1369,45.62475563909774,184,648
1370,45.65808270676692,184,648
1371,45.69140977443609,185,648
1372,45.724736842105266,188,648
1373,45.758063909774435,189,648
1374,45.79139097744361,192,648
1375,45.82471804511278,195,648
1376,45.85804511278196,198,648
1377,45.89137218045113,203,648
1378,45.9246992481203,205,648
1379,45.958026315789475,209,648
1380,45.991353383458645,214,649
1381,46.02468045112782,217,648
1382,46.05800751879699,223,648
1383,46.09133458646617,226,648
1384,46.12466165413534,232,649
1385,46.157988721804514,236,649
1386,46.191315789473684,239,647
1387,46.22464285714286,243,648
1388,46.25796992481203,246,648
1389,46.2912969924812,247,648
1390,46.32462406015038,249,647
1391,46.35795112781955,250,647
1392,46.391278195488724,251,648
1393,46.42460526315789,252,647
1394,46.45793233082707,251,648
1395,46.49125939849624,251,648
1396,46.52458646616542,247,647
1397,46.557913533834586,246,647
1398,46.59124060150376,244,648
1399,46.62456766917293,240,648
1400,46.6578947368421,237,648
1401,46.69122180451128,233,648
1402,46.72454887218045,229,648
1403,46.757875939849626,226,648
1404,46.791203007518796,222,648
1405,46.82453007518797,219,648
1406,46.85785714285714,215,649
1407,46.89118421052632,210,649
1408,46.92451127819549,206,649
1409,46.957838345864666,202,649
1410,46.991165413533835,197,648
1411,47.024492481203005,195,649
1412,47.05781954887218,191,648
1413,47.09114661654135,190,648
1414,47.12447368421053,187,648
1415,47.1578007518797,186,647
1416,47.191127819548875,186,648
1417,47.224454887218045,184,648
1418,47.25778195488722,184,648
1419,47.29110902255639,187,649
1420,47.32443609022557,186,648
1421,47.35776315789474,192,648
1422,47.39109022556391,191,648
1423,47.424417293233084,194,649
1424,47.457744360902254,197,648
1425,47.49107142857143,200,649
1426,47.5243984962406,206,649
1427,47.55772556390978,210,649
1428,47.59105263157895,211,649
1429,47.624379699248124,217,649
1430,47.65770676691729,220,649
1431,47.69103383458646,226,648
1432,47.72436090225564,230,648
1433,47.75768796992481,233,648
1434,47.791015037593986,236,648
1435,47.824342105263156,242,648
1436,47.85766917293233,244,648
1437,47.8909962406015,243,648
1438,47.92432330827068,247,647
1439,47.95765037593985,250,648
1440,47.990977443609026,248,647
1441,48.024304511278196,250,648
1442,48.057631578947365,250,648
1443,48.09095864661654,249,648
1444,48.12428571428571,246,648
1445,48.15761278195489,245,648
1446,48.19093984962406,242,648
1447,48.224266917293235,239,648
1448,48.257593984962405,237,648
1449,48.29092105263158,234,649
1450,48.32424812030075,230,649
1451,48.35757518796993,227,649
1452,48.3909022556391,221,648
1453,48.42422932330827,218,649
1454,48.457556390977444,213,648
1455,48.490883458646614,209,648
1456,48.52421052631579,205,648
1457,48.55753759398496,203,649
1458,48.59086466165414,198,648
1459,48.62419172932331,196,649
1460,48.657518796992484,193,649
1461,48.690845864661654,190,648
1462,48.72417293233083,187,648
1463,48.7575,186,649
1464,48.79082706766917,186,647
1465,48.82415413533835,187,648
1466,48.85748120300752,187,648
1467,48.89080827067669,189,648
1468,48.92413533834586,189,648
1469,48.95746240601504,191,648
1470,48.99078947368421,194,648
1471,49.024116541353386,196,648
1472,49.057443609022556,200,648
1473,49.09077067669173,202,648
1474,49.1240977443609,205,649
1475,49.15742481203007,213,649
1476,49.19075187969925,213,649
1477,49.22407894736842,217,649
1478,49.257406015037596,221,649
1479,49.290733082706765,226,649
1480,49.32406015037594,230,648
1481,49.35738721804511,232,648
1482,49.39071428571429,236,648
1483,49.42404135338346,239,647
1484,49.457368421052635,242,648
1485,49.490695488721805,246,648
1486,49.524022556390975,246,648
1487,49.55734962406015,246,648
1488,49.59067669172932,249,648
1489,49.6240037593985,249,648
1490,49.65733082706767,249,648
1491,49.690657894736844,247,648
1492,49.723984962406014,246,649
1493,49.75731203007519,244,649
1494,49.79063909774436,242,649
1495,49.82396616541354,238,647
1496,49.85729323308271,236,648
1497,49.89062030075188,234,649
1498,49.923947368421054,231,649
1499,49.95727443609022,224,648
1500,49.9906015037594,220,648
1501,50.02392857142857,218,648
1502,50.05725563909775,214,649
1503,50.09058270676692,210,649
1504,50.12390977443609,206,649
1505,50.15723684210526,203,649
1506,50.19056390977444,199,649
1507,50.22389097744361,196,649
1508,50.25721804511278,192,648
1509,50.290545112781956,191,649
1510,50.323872180451126,189,648
1511,50.3571992481203,189,649
1512,50.39052631578947,188,649
1513,50.42385338345865,187,649
1514,50.45718045112782,187,649
1515,50.490507518796996,188,649
1516,50.523834586466165,188,648
1517,50.55716165413534,191,648
1518,50.59048872180451,193,648
1519,50.62381578947368,195,648
1520,50.65714285714286,197,648
1521,50.69046992481203,202,649
1522,50.723796992481205,204,648
1523,50.757124060150375,208,648
1524,50.79045112781955,214,649
1525,50.82377819548872,216,648
1526,50.8571052631579,224,647
1527,50.89043233082707,227,649
1528,50.923759398496244,232,649
1529,50.957086466165414,233,648
1530,50.990413533834584,237,649
1531,51.02374060150376,241,649
1532,51.05706766917293,243,648
1533,51.09039473684211,245,649
1534,51.12372180451128,246,649
1535,51.157048872180454,248,649
1536,51.19037593984962,248,648
1537,51.2237030075188,247,649
1538,51.25703007518797,247,649
1539,51.29035714285715,248,649
1540,51.32368421052632,245,649
1541,51.357011278195486,243,649
1542,51.39033834586466,241,649
1543,51.42366541353383,237,649
1544,51.45699248120301,234,649
1545,51.49031954887218,234,649
1546,51.523646616541356,231,649
1547,51.556973684210526,227,649
1548,51.5903007518797,224,649
1549,51.62362781954887,220,649
1550,51.65695488721805,216,649
1551,51.69028195488722,212,649
1552,51.72360902255639,205,649
1553,51.756936090225565,203,649
1554,51.790263157894735,201,649
1555,51.82359022556391,197,648
1556,51.85691729323308,194,648
1557,51.89024436090226,192,648
1558,51.92357142857143,191,649
1559,51.956898496240605,190,649
1560,51.990225563909775,190,648
